{"cameraMode":{"drawMode":0,"name":"Shaded","section":"Shading Mode"},"sceneLighting":false,"audioPlay":false,"sceneViewState":{"m_AlwaysRefresh":false,"showFog":true,"showSkybox":false,"showFlares":true,"showImageEffects":true,"showParticleSystems":true,"showVisualEffectGraphs":true,"m_FxEnabled":true},"in2DMode":false,"pivot":{"x":8.465998649597168,"y":1.4819064140319825,"z":14.972673416137696},"rotation":{"x":0.0022965685930103065,"y":0.9331276416778565,"z":-0.005877559073269367,"w":0.35956910252571108},"size":5.693087577819824,"orthographic":false}